{"id":15280530536,"heartrate":[],"distance":[0.0,0.0,0.0,0.0,0.0,3.8,3.8,3.8,3.8,3.8,3.8,3.8,3.8,3.8,3.8,3.8,3.8,7.1,7.1,7.1,7.1,7.1,7.1,7.1,7.1,7.1,7.1,7.1,7.1,7.1,7.1,7.1,7.1,7.1,7.1,7.1,7.1,7.1,7.1,7.1,7.1,7.1,7.1,7.1,7.1,10.4,10.4,10.4,10.4,13.9,13.9,13.9,13.9,13.9,13.9,17.5,17.5,17.5,17.5,17.5,17.5,17.5,17.5,17.5,17.5,17.5,17.5,17.5,20.7,20.7,20.7,20.7,20.7,20.7,20.7,20.7,20.7,20.7,20.7,23.7,23.7,23.7,23.7,23.7,27.5,27.5,27.5,27.5,27.5,27.5,27.5,27.5,27.5,31.0,31.0,31.0,31.0,34.5,34.5,34.5,34.5,34.5,34.5,38.0,38.0,38.0,38.0,41.3,41.3,41.3,41.3,41.3,41.3,41.3,41.3,41.3,41.3,41.3,41.3,41.3,41.3,41.3,41.3,41.3,41.3,41.3,41.3],"time":[0,1,2,3,4,5,7,8,9,10,11,12,13,14,15,16,17,18,19,20,21,22,23,24,25,26,27,28,29,30,31,32,33,34,35,36,37,38,39,40,41,42,43,44,45,46,47,48,49,50,51,52,53,54,55,56,57,58,59,60,61,62,63,64,65,66,67,68,69,70,71,72,73,74,75,76,77,78,79,80,81,82,83,84,85,86,87,88,89,90,91,92,93,94,95,96,97,98,99,100,101,102,103,104,105,106,107,109,110,111,112,113,114,115,116,117,118,119,120,121,123,124,125,126,127,128,129],"cadence":[],"altitude":[818.9,818.9,818.9,818.9,818.9,818.9,818.9,818.9,818.9,818.9,818.9,818.9,818.9,818.9,818.9,818.9,818.9,818.9,818.9,818.9,818.9,818.9,818.9,818.9,818.9,818.9,818.9,818.9,818.9,818.9,818.9,818.9,818.9,818.9,818.9,818.9,818.9,818.9,818.9,818.9,818.9,818.9,818.9,818.9,818.9,818.9,818.9,818.9,818.9,818.8,818.8,818.8,818.8,818.8,818.8,818.8,818.8,818.8,818.8,818.8,818.8,818.8,818.8,818.8,818.8,818.8,818.8,818.8,818.8,818.8,818.8,818.8,818.8,818.8,818.8,818.8,818.8,818.8,818.8,818.8,818.8,818.8,818.8,818.8,818.8,818.8,818.8,818.8,818.8,818.8,818.8,818.8,818.8,818.8,818.8,818.8,818.8,818.8,818.8,818.8,818.8,818.8,818.8,818.8,818.8,818.8,818.8,818.8,818.8,818.8,818.8,818.8,818.8,818.8,818.8,818.8,818.8,818.8,818.8,818.8,818.8,818.8,818.8,818.8,818.8,818.8,818.8],"velocity_smooth":[0.0,0.0,0.0,0.0,0.0,0.76,0.76,0.76,0.76,0.0,0.0,0.0,0.0,0.0,0.0,0.0,0.0,0.66,0.66,0.66,0.66,0.66,0.0,0.0,0.0,0.0,0.0,0.0,0.0,0.0,0.0,0.0,0.0,0.0,0.0,0.0,0.0,0.0,0.0,0.0,0.0,0.0,0.0,0.0,0.0,0.66,0.66,0.66,0.66,1.36,0.7,0.7,0.7,0.7,0.0,0.72,0.72,0.72,0.72,0.72,0.0,0.0,0.0,0.0,0.0,0.0,0.0,0.0,0.64,0.64,0.64,0.64,0.64,0.0,0.0,0.0,0.0,0.0,0.0,0.6,0.6,0.6,0.6,0.6,0.76,0.76,0.76,0.76,0.76,0.0,0.0,0.0,0.0,0.7,0.7,0.7,0.7,1.4,0.7,0.7,0.7,0.7,0.0,0.7,0.7,0.7,0.7,0.66,0.66,0.66,0.66,0.55,0.0,0.0,0.0,0.0,0.0,0.0,0.0,0.0,0.0,0.0,0.0,0.0,0.0,0.0,0.0],"latlng":[[-7.374539,109.941427],[-7.374531,109.941429],[-7.37453,109.941432],[-7.374529,109.941433],[-7.374545,109.941444],[-7.374561,109.941453],[-7.374583,109.941458],[-7.374585,109.941463],[-7.374578,109.941467],[-7.374575,109.941466],[-7.374572,109.941459],[-7.374572,109.941449],[-7.37458,109.941448],[-7.374574,109.941442],[-7.374566,109.941437],[-7.374562,109.941434],[-7.374557,109.94143],[-7.374553,109.941425],[-7.374549,109.941421],[-7.374548,109.941419],[-7.374548,109.941419],[-7.374548,109.941422],[-7.374549,109.941425],[-7.37455,109.941426],[-7.374549,109.941426],[-7.37455,109.941425],[-7.374554,109.941425],[-7.374557,109.941428],[-7.374559,109.941431],[-7.374561,109.941433],[-7.374564,109.941435],[-7.374566,109.941437],[-7.374567,109.941437],[-7.374568,109.941437],[-7.374568,109.941437],[-7.374568,109.941437],[-7.374567,109.941436],[-7.374567,109.941436],[-7.374567,109.941436],[-7.374567,109.941436],[-7.374567,109.941436],[-7.374567,109.941436],[-7.374567,109.941437],[-7.374569,109.941434],[-7.374573,109.941435],[-7.374578,109.941443],[-7.374584,109.941449],[-7.374591,109.941454],[-7.374597,109.941458],[-7.374604,109.94146],[-7.374605,109.941457],[-7.374599,109.941453],[-7.374594,109.941451],[-7.374588,109.941448],[-7.374582,109.941446],[-7.374577,109.941443],[-7.374572,109.941439],[-7.374568,109.941436],[-7.374565,109.941432],[-7.374568,109.941431],[-7.37457,109.94143],[-7.374572,109.941429],[-7.374572,109.941427],[-7.374573,109.941431],[-7.374576,109.941436],[-7.374581,109.941442],[-7.374584,109.941445],[-7.374591,109.941455],[-7.374597,109.941463],[-7.374605,109.941473],[-7.374604,109.941464],[-7.374602,109.941459],[-7.3746,109.941455],[-7.374598,109.941452],[-7.374597,109.941449],[-7.374596,109.941444],[-7.374595,109.941441],[-7.374594,109.941439],[-7.374593,109.941437],[-7.374595,109.941436],[-7.3746,109.941436],[-7.374606,109.941439],[-7.37461,109.941443],[-7.374616,109.941448],[-7.374622,109.941456],[-7.374626,109.941464],[-7.37463,109.941468],[-7.374634,109.941468],[-7.374638,109.941465],[-7.37464,109.941458],[-7.374641,109.941452],[-7.37464,109.941444],[-7.374634,109.941434],[-7.374626,109.941424],[-7.374619,109.941416],[-7.374615,109.94141],[-7.374609,109.941405],[-7.374603,109.941401],[-7.3746,109.941399],[-7.374601,109.941405],[-7.374602,109.941411],[-7.374603,109.941418],[-7.374604,109.941424],[-7.374605,109.941432],[-7.374608,109.94144],[-7.37461,109.941447],[-7.374613,109.941454],[-7.37462,109.941464],[-7.374624,109.941464],[-7.374625,109.941462],[-7.374626,109.94146],[-7.374626,109.941459],[-7.374631,109.941461],[-7.374635,109.941465],[-7.374638,109.941466],[-7.374639,109.941466],[-7.37464,109.941467],[-7.37464,109.941468],[-7.37464,109.941468],[-7.37464,109.941468],[-7.374639,109.941468],[-7.374639,109.941467],[-7.374638,109.941467],[-7.374638,109.941466],[-7.374638,109.941465],[-7.374638,109.941465],[-7.374638,109.941465]]}